-- MySQL Script generated by MySQL Workbench
-- Wed Oct 12 20:45:10 2016
-- Model: New Model    Version: 1.0
-- MySQL Workbench Forward Engineering

SET @OLD_UNIQUE_CHECKS=@@UNIQUE_CHECKS, UNIQUE_CHECKS=0;
SET @OLD_FOREIGN_KEY_CHECKS=@@FOREIGN_KEY_CHECKS, FOREIGN_KEY_CHECKS=0;
SET @OLD_SQL_MODE=@@SQL_MODE, SQL_MODE='TRADITIONAL,ALLOW_INVALID_DATES';

-- -----------------------------------------------------
-- Schema mce13b
-- -----------------------------------------------------
DROP SCHEMA IF EXISTS `mce13b` ;

-- -----------------------------------------------------
-- Schema mce13b
-- -----------------------------------------------------
CREATE SCHEMA IF NOT EXISTS `mce13b` DEFAULT CHARACTER SET utf8 ;
SHOW WARNINGS;
USE `mce13b` ;

-- -----------------------------------------------------
-- Table `mce13b`.`store`
-- -----------------------------------------------------
DROP TABLE IF EXISTS `mce13b`.`store` ;

SHOW WARNINGS;
CREATE TABLE IF NOT EXISTS `mce13b`.`store` (
  `str_id` SMALLINT UNSIGNED NOT NULL,
  `str_name` VARCHAR(40) NOT NULL,
  `str_street` VARCHAR(30) NOT NULL,
  `str_city` VARCHAR(30) NOT NULL,
  `str_state` CHAR(2) NOT NULL,
  `str_zip` INT UNSIGNED NOT NULL,
  `str_phone` BIGINT UNSIGNED NOT NULL,
  `str_ytd_sales` DECIMAL(6,2) NOT NULL,
  `str_url` VARCHAR(100) NOT NULL,
  `str_notes` VARCHAR(255) NULL,
  PRIMARY KEY (`str_id`))
ENGINE = InnoDB;

SHOW WARNINGS;

-- -----------------------------------------------------
-- Table `mce13b`.`customer`
-- -----------------------------------------------------
DROP TABLE IF EXISTS `mce13b`.`customer` ;

SHOW WARNINGS;
CREATE TABLE IF NOT EXISTS `mce13b`.`customer` (
  `cus_id` SMALLINT UNSIGNED NOT NULL,
  `cus_fname` VARCHAR(30) NOT NULL,
  `cus_lname` VARCHAR(30) NOT NULL,
  `cus_street` VARCHAR(30) NOT NULL,
  `cus_city` VARCHAR(30) NOT NULL,
  `cus_state` CHAR(2) NOT NULL,
  `cus_zip` INT UNSIGNED NOT NULL,
  `cus_phone` BIGINT UNSIGNED NOT NULL,
  `cus_email` VARCHAR(100) NOT NULL,
  `cus_balance` DECIMAL(6,2) NOT NULL,
  `cus_total_sales` DECIMAL(6,2) NOT NULL,
  `cus_notes` VARCHAR(255) NULL,
  PRIMARY KEY (`cus_id`))
ENGINE = InnoDB;

SHOW WARNINGS;

-- -----------------------------------------------------
-- Table `mce13b`.`pet`
-- -----------------------------------------------------
DROP TABLE IF EXISTS `mce13b`.`pet` ;

SHOW WARNINGS;
CREATE TABLE IF NOT EXISTS `mce13b`.`pet` (
  `pet_id` SMALLINT UNSIGNED NOT NULL,
  `str_id` SMALLINT UNSIGNED NOT NULL,
  `cus_id` SMALLINT UNSIGNED NOT NULL,
  `pet_type` VARCHAR(45) NOT NULL,
  `pet_sex` ENUM('m', 'f') NOT NULL,
  `pet_cost` DECIMAL(6,2) NOT NULL,
  `pet_price` DECIMAL(6,2) NOT NULL,
  `pet_age` TINYINT UNSIGNED NOT NULL,
  `pet_color` VARCHAR(10) NOT NULL,
  `pet_sale_date` DATE NULL,
  `pet_vaccine` DATE NOT NULL,
  `pet_neuter` DATE NOT NULL,
  `pet_notes` VARCHAR(255) NULL,
  INDEX `fk_pet_store_idx` (`str_id` ASC),
  PRIMARY KEY (`pet_id`),
  INDEX `fk_pet_customer1_idx` (`cus_id` ASC),
  CONSTRAINT `fk_pet_store`
    FOREIGN KEY (`str_id`)
    REFERENCES `mce13b`.`store` (`str_id`)
    ON DELETE NO ACTION
    ON UPDATE NO ACTION,
  CONSTRAINT `fk_pet_customer1`
    FOREIGN KEY (`cus_id`)
    REFERENCES `mce13b`.`customer` (`cus_id`)
    ON DELETE NO ACTION
    ON UPDATE NO ACTION)
ENGINE = InnoDB;

SHOW WARNINGS;

SET SQL_MODE=@OLD_SQL_MODE;
SET FOREIGN_KEY_CHECKS=@OLD_FOREIGN_KEY_CHECKS;
SET UNIQUE_CHECKS=@OLD_UNIQUE_CHECKS;

-- -----------------------------------------------------
-- Data for table `mce13b`.`store`
-- -----------------------------------------------------
START TRANSACTION;
USE `mce13b`;
INSERT INTO `mce13b`.`store` (`str_id`, `str_name`, `str_street`, `str_city`, `str_state`, `str_zip`, `str_phone`, `str_ytd_sales`, `str_url`, `str_notes`) VALUES (1, 'Petco', '234 Pet Ln', 'Tallahassee', 'FL', 32304, 3059232345, 125.00, 'www.petco.com', NULL);
INSERT INTO `mce13b`.`store` (`str_id`, `str_name`, `str_street`, `str_city`, `str_state`, `str_zip`, `str_phone`, `str_ytd_sales`, `str_url`, `str_notes`) VALUES (2, 'Petsmart', '100 Walaby St', 'Jacksonville', 'FL', 30249, 3940294938, 100.03, 'www.petsmart.org', 'testinggggggg');
INSERT INTO `mce13b`.`store` (`str_id`, `str_name`, `str_street`, `str_city`, `str_state`, `str_zip`, `str_phone`, `str_ytd_sales`, `str_url`, `str_notes`) VALUES (3, 'FI$H F00D', '93 Ocala Blvd', 'Tallahassee ', 'FL', 93024, 9302948392, 278.91, 'fishf00d.com', NULL);
INSERT INTO `mce13b`.`store` (`str_id`, `str_name`, `str_street`, `str_city`, `str_state`, `str_zip`, `str_phone`, `str_ytd_sales`, `str_url`, `str_notes`) VALUES (4, 'Bird Cage', '200 High St', 'Tallahassee', 'FL', 21938, 9384039421, 324.92, 'www.birdcage.net', 'Only have animals with wings');
INSERT INTO `mce13b`.`store` (`str_id`, `str_name`, `str_street`, `str_city`, `str_state`, `str_zip`, `str_phone`, `str_ytd_sales`, `str_url`, `str_notes`) VALUES (5, 'Pup Stop', '949 Woof Rd', 'Tallahassee', 'FL', 29390, 2893499492, 312.30, 'www.pupstop.com', NULL);
INSERT INTO `mce13b`.`store` (`str_id`, `str_name`, `str_street`, `str_city`, `str_state`, `str_zip`, `str_phone`, `str_ytd_sales`, `str_url`, `str_notes`) VALUES (6, 'Make it Rain', '929 Woof Rd', 'Miami', 'FL', 38940, 3875859873, 783.03, 'www.rain.net', NULL);
INSERT INTO `mce13b`.`store` (`str_id`, `str_name`, `str_street`, `str_city`, `str_state`, `str_zip`, `str_phone`, `str_ytd_sales`, `str_url`, `str_notes`) VALUES (7, 'Get Me A Dog PLZ', '200 Plz Plaza', 'Hsofhs', 'AZ', 34203, 5473856734, 543.50, 'www.isaidplz.com', NULL);
INSERT INTO `mce13b`.`store` (`str_id`, `str_name`, `str_street`, `str_city`, `str_state`, `str_zip`, `str_phone`, `str_ytd_sales`, `str_url`, `str_notes`) VALUES (8, 'Pet Meow', 'Highway 8', 'Thdfsoif', 'IN', 85934, 238943895, 320.98, 'www.meowmiz.com', NULL);
INSERT INTO `mce13b`.`store` (`str_id`, `str_name`, `str_street`, `str_city`, `str_state`, `str_zip`, `str_phone`, `str_ytd_sales`, `str_url`, `str_notes`) VALUES (9, 'Kitty Me Pretty', '8 Captial Circle', 'Wjfjifdf', 'GA', 39538, 382955093, 128.00, 'www.ittybittykitty.com', NULL);
INSERT INTO `mce13b`.`store` (`str_id`, `str_name`, `str_street`, `str_city`, `str_state`, `str_zip`, `str_phone`, `str_ytd_sales`, `str_url`, `str_notes`) VALUES (10, 'Tiny Pets Only', '123 Itty Way', 'Djfoiefj', 'MD', 90353, 489398540, 430.93, 'www.littlekitty.com', NULL);

COMMIT;


-- -----------------------------------------------------
-- Data for table `mce13b`.`customer`
-- -----------------------------------------------------
START TRANSACTION;
USE `mce13b`;
INSERT INTO `mce13b`.`customer` (`cus_id`, `cus_fname`, `cus_lname`, `cus_street`, `cus_city`, `cus_state`, `cus_zip`, `cus_phone`, `cus_email`, `cus_balance`, `cus_total_sales`, `cus_notes`) VALUES (1, 'Susan', 'Johnson', '123 Ocala Rd', 'Tallahassee', 'FL', 32304, 3059210845, 'susan@gmail.com', 25.00, 12.00, 'n/a');
INSERT INTO `mce13b`.`customer` (`cus_id`, `cus_fname`, `cus_lname`, `cus_street`, `cus_city`, `cus_state`, `cus_zip`, `cus_phone`, `cus_email`, `cus_balance`, `cus_total_sales`, `cus_notes`) VALUES (2, 'George', 'Lopez', '300 High St', 'Tallahassee', 'FL', 32031, 4930394832, 'lopez@tonight.net', 10.00, 51.75, 'Dive');
INSERT INTO `mce13b`.`customer` (`cus_id`, `cus_fname`, `cus_lname`, `cus_street`, `cus_city`, `cus_state`, `cus_zip`, `cus_phone`, `cus_email`, `cus_balance`, `cus_total_sales`, `cus_notes`) VALUES (3, 'Julio', 'Gonzalez', '56 8th St', 'Miami', 'FL', 33134, 9348029321, 'julio@yahoo.com', 27.00, 12.49, NULL);
INSERT INTO `mce13b`.`customer` (`cus_id`, `cus_fname`, `cus_lname`, `cus_street`, `cus_city`, `cus_state`, `cus_zip`, `cus_phone`, `cus_email`, `cus_balance`, `cus_total_sales`, `cus_notes`) VALUES (4, 'Lyra', 'Smith', '426 Pensacola', 'Tallahassee', 'FL', 34023, 9492904839, 'lyra.smith@msn.com', 54.98, 24.00, NULL);
INSERT INTO `mce13b`.`customer` (`cus_id`, `cus_fname`, `cus_lname`, `cus_street`, `cus_city`, `cus_state`, `cus_zip`, `cus_phone`, `cus_email`, `cus_balance`, `cus_total_sales`, `cus_notes`) VALUES (5, 'Perry', 'Philips', '300 Tennessee St', 'Tallahassee', 'FL', 95849, 3647583929, 'purry@google.com', 38.45, 21.76, NULL);
INSERT INTO `mce13b`.`customer` (`cus_id`, `cus_fname`, `cus_lname`, `cus_street`, `cus_city`, `cus_state`, `cus_zip`, `cus_phone`, `cus_email`, `cus_balance`, `cus_total_sales`, `cus_notes`) VALUES (6, 'Trevor', 'Minor', '300 Tennessee St', 'Tallahassee', 'FL', 95843, 3904832853, 'trevor@mlb.com', 40.00, 21.00, NULL);
INSERT INTO `mce13b`.`customer` (`cus_id`, `cus_fname`, `cus_lname`, `cus_street`, `cus_city`, `cus_state`, `cus_zip`, `cus_phone`, `cus_email`, `cus_balance`, `cus_total_sales`, `cus_notes`) VALUES (7, 'Kinsey', 'Aaron', '300 High St', 'Miami', 'AZ', 39843, 9845904545, 'k.aaron@fsu.edu', 13.00, 12.56, NULL);
INSERT INTO `mce13b`.`customer` (`cus_id`, `cus_fname`, `cus_lname`, `cus_street`, `cus_city`, `cus_state`, `cus_zip`, `cus_phone`, `cus_email`, `cus_balance`, `cus_total_sales`, `cus_notes`) VALUES (8, 'Sarah', 'Benitez', '413 Philip Pkwy', 'Coral Way', 'MD', 83590, 8347837402, 'sbk@hgfo.net', 12.45, 93.00, NULL);
INSERT INTO `mce13b`.`customer` (`cus_id`, `cus_fname`, `cus_lname`, `cus_street`, `cus_city`, `cus_state`, `cus_zip`, `cus_phone`, `cus_email`, `cus_balance`, `cus_total_sales`, `cus_notes`) VALUES (9, 'Kahla', 'Brown', '93 Maldeiva', 'Askew', 'CA', 38430, 384950340, 'brown@fiosdfj.com', 17.89, 23.30, NULL);
INSERT INTO `mce13b`.`customer` (`cus_id`, `cus_fname`, `cus_lname`, `cus_street`, `cus_city`, `cus_state`, `cus_zip`, `cus_phone`, `cus_email`, `cus_balance`, `cus_total_sales`, `cus_notes`) VALUES (10, 'Steph', 'Cruz', '342 Bordwlk', 'Havanna', 'IN', 32043, 7485943201, 'little@kkg.com', 35.00, 27.00, NULL);

COMMIT;


-- -----------------------------------------------------
-- Data for table `mce13b`.`pet`
-- -----------------------------------------------------
START TRANSACTION;
USE `mce13b`;
INSERT INTO `mce13b`.`pet` (`pet_id`, `str_id`, `cus_id`, `pet_type`, `pet_sex`, `pet_cost`, `pet_price`, `pet_age`, `pet_color`, `pet_sale_date`, `pet_vaccine`, `pet_neuter`, `pet_notes`) VALUES (1, 1, 1, 'dog', 'm', 27.99, 40.54, 3, 'brown', '2014-03-09', '2014-03-10', '2014-03-10', NULL);
INSERT INTO `mce13b`.`pet` (`pet_id`, `str_id`, `cus_id`, `pet_type`, `pet_sex`, `pet_cost`, `pet_price`, `pet_age`, `pet_color`, `pet_sale_date`, `pet_vaccine`, `pet_neuter`, `pet_notes`) VALUES (2, 2, 2, 'cat', 'f', 35.00, 60.00, 2, 'orange', '2012-02-10', '2012-02-15', '2012-02-15', NULL);
INSERT INTO `mce13b`.`pet` (`pet_id`, `str_id`, `cus_id`, `pet_type`, `pet_sex`, `pet_cost`, `pet_price`, `pet_age`, `pet_color`, `pet_sale_date`, `pet_vaccine`, `pet_neuter`, `pet_notes`) VALUES (3, 3, 3, 'fish', 'm', 0.50, 3.00, 1, 'yellow', '2015-10-13', '2015-10-13', '2015-10-13', 'Looks like finding nemo');
INSERT INTO `mce13b`.`pet` (`pet_id`, `str_id`, `cus_id`, `pet_type`, `pet_sex`, `pet_cost`, `pet_price`, `pet_age`, `pet_color`, `pet_sale_date`, `pet_vaccine`, `pet_neuter`, `pet_notes`) VALUES (4, 4, 4, 'dog', 'f', 63.45, 72.00, 3, 'black', '2013-01-17', '2013-01-20', '2014-03-05', NULL);
INSERT INTO `mce13b`.`pet` (`pet_id`, `str_id`, `cus_id`, `pet_type`, `pet_sex`, `pet_cost`, `pet_price`, `pet_age`, `pet_color`, `pet_sale_date`, `pet_vaccine`, `pet_neuter`, `pet_notes`) VALUES (5, 5, 5, 'snake', 'f', 13.00, 43.24, 2, 'green', '2014-03-20', '2014-03-20', '2014-03-20', NULL);
INSERT INTO `mce13b`.`pet` (`pet_id`, `str_id`, `cus_id`, `pet_type`, `pet_sex`, `pet_cost`, `pet_price`, `pet_age`, `pet_color`, `pet_sale_date`, `pet_vaccine`, `pet_neuter`, `pet_notes`) VALUES (6, 6, 6, 'fish', 'f', 5.00, 7.00, 2, 'purple', '2014-04-30', '2014-04-30', '2014-04-30', NULL);
INSERT INTO `mce13b`.`pet` (`pet_id`, `str_id`, `cus_id`, `pet_type`, `pet_sex`, `pet_cost`, `pet_price`, `pet_age`, `pet_color`, `pet_sale_date`, `pet_vaccine`, `pet_neuter`, `pet_notes`) VALUES (7, 7, 7, 'chamelion', 'f', 48.00, 98.00, 5, 'blue', '2014-04-30', '2014-04-30', '2014-04-30', NULL);
INSERT INTO `mce13b`.`pet` (`pet_id`, `str_id`, `cus_id`, `pet_type`, `pet_sex`, `pet_cost`, `pet_price`, `pet_age`, `pet_color`, `pet_sale_date`, `pet_vaccine`, `pet_neuter`, `pet_notes`) VALUES (8, 8, 8, 'mouse', 'm', 2.00, 10.00, 3, 'white', '2014-04-30', '2014-04-30', '2014-04-30', NULL);
INSERT INTO `mce13b`.`pet` (`pet_id`, `str_id`, `cus_id`, `pet_type`, `pet_sex`, `pet_cost`, `pet_price`, `pet_age`, `pet_color`, `pet_sale_date`, `pet_vaccine`, `pet_neuter`, `pet_notes`) VALUES (9, 9, 9, 'hamster', 'm', 5.00, 15.00, 4, 'brown', '2014-04-30', '2014-04-30', '2014-04-30', NULL);
INSERT INTO `mce13b`.`pet` (`pet_id`, `str_id`, `cus_id`, `pet_type`, `pet_sex`, `pet_cost`, `pet_price`, `pet_age`, `pet_color`, `pet_sale_date`, `pet_vaccine`, `pet_neuter`, `pet_notes`) VALUES (10, 10, 10, 'frog', 'f', 17.00, 26.00, 2, 'green', '2014-03-20', '2014-03-20', '2014-03-20', NULL);

COMMIT;

